<?xml version="1.0" encoding="UTF-8" standalone="yes"?>
<addon id="virtual.thoradia-mono"
       name="Thoradia Mono Tools"
       version="9.80.3.12"
       provider-name="thoradia">
  <requires>
    <import addon="os.libreelec.tv" version="9.80"/>
    <import addon="xbmc.python" version="3.0.0"/>

    <import addon="tools.mono" version="0.0.0" />
  </requires>
  <extension point="xbmc.python.script" library="default.py">
    <provides></provides>
  </extension>
  <extension point="xbmc.addon.metadata">
    <summary>Thoradia Mono Tools: a bundle of tools required by Mono add-ons</summary>
    <description>
Thoradia Mono Tools (12) includes the libmediainfo shared library.
    </description>
    <disclaimer>
Keep it legal and carry on
    </disclaimer>
    <platform>all</platform>
    <news>
- libmediainfo-shared version 20.03
    </news>
    <assets>
      <icon>resources/icon.png</icon>
      <fanart>resources/fanart.png</fanart>

    </assets>
  </extension>
</addon>
