<?xml version="1.0" encoding="UTF-8" standalone="yes"?>
<addon id="service.aria2"
       name="aria2"
       version="9.80.2.6"
       provider-name="thoradia">
  <requires>
    <import addon="os.libreelec.tv" version="9.80"/>
    <import addon="xbmc.python" version="2.1.0"/>

  </requires>
  <extension point="xbmc.service" library="default.py">
    <provides></provides>
  </extension>
  <extension point="xbmc.addon.metadata">
    <summary>aria2: the next generation download utility</summary>
    <description>
aria2 (1.35.0) is a lightweight multi-protocol and multi-source command-line download utility, which supports HTTP/HTTPS, FTP, SFTP, BitTorrent and Metalink, and can be manipulated via built-in JSON-RPC and XML-RPC interfaces.
    </description>
    <disclaimer>
Keep it legal and carry on
    </disclaimer>
    <platform>all</platform>
    <news>
- aria2 version 1.35.0
    </news>
    <assets>
      <icon>resources/icon.png</icon>
      <fanart>resources/fanart.png</fanart>

    </assets>
  </extension>
</addon>
